{
  "dctx_email": {
    "quota": 744.82,
    "used": 3555.47,
    "timestamp": 1773276813.0912344
  },
  "ljq_email": {
    "quota": 250.15,
    "used": 3949.93,
    "timestamp": 1773276833.4035525
  },
  "zc_email": {
    "quota": 1842.22,
    "used": 2357.78,
    "timestamp": 1773276855.1722689
  },
  "zj_email": {
    "quota": 3045.85,
    "used": 104.15,
    "timestamp": 1773276922.9861243
  },
  "fks_email": {
    "quota": 3150.0,
    "used": 0.0,
    "timestamp": 1773276945.7479455
  },
  "dxh_email": {
    "quota": 3150.0,
    "used": 0.0,
    "timestamp": 1773276967.4395967
  },
  "zhb_email": {
    "quota": 3150.0,
    "used": 0.0,
    "timestamp": 1773276989.4958308
  },
  "linuxdo_84404_cookies": {
    "quota": 668.53,
    "used": 3006.47,
    "timestamp": 1773276863.3910546
  },
  "linux_chuang_cookies": {
    "quota": 100.07,
    "used": 3374.34,
    "timestamp": 1773276871.9635837
  },
  "linux_bwj_cookies": {
    "quota": 1047.61,
    "used": 2252.39,
    "timestamp": 1773276881.417532
  },
  "linux_devbai_cookies": {
    "quota": 1535.41,
    "used": 1914.59,
    "timestamp": 1773276889.9017882
  },
  "linux_Yeahnet_cookies": {
    "quota": 1530.99,
    "used": 1919.01,
    "timestamp": 1773276899.6243086
  }
}