{
  "dctx_email": {
    "quota": 694.84,
    "used": 3555.45,
    "timestamp": 1773124426.0730731
  },
  "ljq_email": {
    "quota": 200.15,
    "used": 3949.93,
    "timestamp": 1773124448.4360292
  },
  "zc_email": {
    "quota": 1838.92,
    "used": 2311.08,
    "timestamp": 1773124470.2089946
  },
  "zj_email": {
    "quota": 3100.0,
    "used": 0.0,
    "timestamp": 1773124535.0425057
  },
  "fks_email": {
    "quota": 3100.0,
    "used": 0.0,
    "timestamp": 1773124558.4924953
  },
  "dxh_email": {
    "quota": 3100.0,
    "used": 0.0,
    "timestamp": 1773124582.290478
  },
  "zhb_email": {
    "quota": 3100.0,
    "used": 0.0,
    "timestamp": 1773124605.8195205
  },
  "linuxdo_84404_cookies": {
    "quota": 618.53,
    "used": 3006.47,
    "timestamp": 1773124479.305184
  },
  "linux_chuang_cookies": {
    "quota": 50.07,
    "used": 3374.34,
    "timestamp": 1773124488.353221
  },
  "linux_bwj_cookies": {
    "quota": 1002.7,
    "used": 2247.3,
    "timestamp": 1773124496.164379
  },
  "linux_devbai_cookies": {
    "quota": 1485.41,
    "used": 1914.59,
    "timestamp": 1773124504.2698495
  },
  "linux_Yeahnet_cookies": {
    "quota": 1498.75,
    "used": 1901.25,
    "timestamp": 1773124512.0441408
  }
}