{
  "dctx_email": {
    "quota": 1091.54,
    "used": 3108.75,
    "timestamp": 1772972495.5851135
  },
  "ljq_email": {
    "quota": 150.15,
    "used": 3949.93,
    "timestamp": 1772972518.4701965
  },
  "zc_email": {
    "quota": 1821.16,
    "used": 2278.84,
    "timestamp": 1772972539.653062
  },
  "zj_email": {
    "quota": 3050.0,
    "used": 0.0,
    "timestamp": 1772972602.197428
  },
  "fks_email": {
    "quota": 3050.0,
    "used": 0.0,
    "timestamp": 1772972626.085339
  },
  "dxh_email": {
    "quota": 3050.0,
    "used": 0.0,
    "timestamp": 1772972648.5420718
  },
  "zhb_email": {
    "quota": 3050.0,
    "used": 0.0,
    "timestamp": 1772972672.5276723
  },
  "linuxdo_84404_cookies": {
    "quota": 568.53,
    "used": 3006.47,
    "timestamp": 1772972548.331338
  },
  "linux_chuang_cookies": {
    "quota": 186.91,
    "used": 3188.09,
    "timestamp": 1772972556.661974
  },
  "linux_bwj_cookies": {
    "quota": 986.3,
    "used": 2213.7,
    "timestamp": 1772972565.6140633
  },
  "linux_devbai_cookies": {
    "quota": 1435.41,
    "used": 1914.59,
    "timestamp": 1772972573.2565606
  },
  "linux_Yeahnet_cookies": {
    "quota": 1485.99,
    "used": 1864.01,
    "timestamp": 1772972580.8972898
  }
}