{
  "dctx_email": {
    "quota": 744.82,
    "used": 3555.47,
    "timestamp": 1773297508.1950164
  },
  "ljq_email": {
    "quota": 250.15,
    "used": 3949.93,
    "timestamp": 1773297529.39446
  },
  "zc_email": {
    "quota": 1840.68,
    "used": 2359.32,
    "timestamp": 1773297551.6522107
  },
  "zj_email": {
    "quota": 2851.34,
    "used": 298.66,
    "timestamp": 1773297617.759972
  },
  "fks_email": {
    "quota": 3150.0,
    "used": 0.0,
    "timestamp": 1773297638.3540092
  },
  "dxh_email": {
    "quota": 3150.0,
    "used": 0.0,
    "timestamp": 1773297661.6983378
  },
  "zhb_email": {
    "quota": 3150.0,
    "used": 0.0,
    "timestamp": 1773297684.2069745
  },
  "linuxdo_84404_cookies": {
    "quota": 668.53,
    "used": 3006.47,
    "timestamp": 1773297560.709522
  },
  "linux_chuang_cookies": {
    "quota": 100.03,
    "used": 3374.39,
    "timestamp": 1773297569.8803415
  },
  "linux_bwj_cookies": {
    "quota": 1047.61,
    "used": 2252.39,
    "timestamp": 1773297578.4873128
  },
  "linux_devbai_cookies": {
    "quota": 1535.41,
    "used": 1914.59,
    "timestamp": 1773297587.4867513
  },
  "linux_Yeahnet_cookies": {
    "quota": 1521.51,
    "used": 1928.49,
    "timestamp": 1773297595.4611223
  }
}