{
  "dctx_email": {
    "quota": 744.82,
    "used": 3555.47,
    "timestamp": 1773340581.4828959
  },
  "ljq_email": {
    "quota": 250.15,
    "used": 3949.93,
    "timestamp": 1773340603.393145
  },
  "zc_email": {
    "quota": 1840.68,
    "used": 2359.32,
    "timestamp": 1773340624.5600872
  },
  "zj_email": {
    "quota": 2788.6,
    "used": 361.4,
    "timestamp": 1773340688.3449848
  },
  "fks_email": {
    "quota": 3150.0,
    "used": 0.0,
    "timestamp": 1773340709.79371
  },
  "dxh_email": {
    "quota": 3150.0,
    "used": 0.0,
    "timestamp": 1773340731.8617537
  },
  "zhb_email": {
    "quota": 3150.0,
    "used": 0.0,
    "timestamp": 1773340753.2513115
  },
  "linuxdo_84404_cookies": {
    "quota": 668.53,
    "used": 3006.47,
    "timestamp": 1773340632.6586082
  },
  "linux_chuang_cookies": {
    "quota": 100.03,
    "used": 3374.39,
    "timestamp": 1773340640.9037788
  },
  "linux_bwj_cookies": {
    "quota": 1047.61,
    "used": 2252.39,
    "timestamp": 1773340648.7847395
  },
  "linux_devbai_cookies": {
    "quota": 1535.41,
    "used": 1914.59,
    "timestamp": 1773340657.4481442
  },
  "linux_Yeahnet_cookies": {
    "quota": 1516.89,
    "used": 1933.11,
    "timestamp": 1773340666.0363963
  }
}