{
  "dctx_email": {
    "quota": 719.82,
    "used": 3555.47,
    "timestamp": 1773232273.338251
  },
  "ljq_email": {
    "quota": 225.15,
    "used": 3949.93,
    "timestamp": 1773232295.7706325
  },
  "zc_email": {
    "quota": 1817.22,
    "used": 2357.78,
    "timestamp": 1773232318.0539343
  },
  "zj_email": {
    "quota": 3020.85,
    "used": 104.15,
    "timestamp": 1773232381.0154166
  },
  "fks_email": {
    "quota": 3125.0,
    "used": 0.0,
    "timestamp": 1773232402.448898
  },
  "dxh_email": {
    "quota": 3125.0,
    "used": 0.0,
    "timestamp": 1773232425.1066515
  },
  "zhb_email": {
    "quota": 3125.0,
    "used": 0.0,
    "timestamp": 1773232448.3635166
  },
  "linuxdo_84404_cookies": {
    "quota": 643.53,
    "used": 3006.47,
    "timestamp": 1773232326.208139
  },
  "linux_chuang_cookies": {
    "quota": 75.07,
    "used": 3374.34,
    "timestamp": 1773232334.0123153
  },
  "linux_bwj_cookies": {
    "quota": 1022.61,
    "used": 2252.39,
    "timestamp": 1773232341.4172668
  },
  "linux_devbai_cookies": {
    "quota": 1510.41,
    "used": 1914.59,
    "timestamp": 1773232348.5467925
  },
  "linux_Yeahnet_cookies": {
    "quota": 1505.99,
    "used": 1919.01,
    "timestamp": 1773232357.8035707
  }
}