{
  "dctx_email": {
    "quota": 715.81,
    "used": 3484.48,
    "timestamp": 1772993822.3093438
  },
  "ljq_email": {
    "quota": 150.15,
    "used": 3949.93,
    "timestamp": 1772993843.292209
  },
  "zc_email": {
    "quota": 1821.16,
    "used": 2278.84,
    "timestamp": 1772993865.9755328
  },
  "zj_email": {
    "quota": 3050.0,
    "used": 0.0,
    "timestamp": 1772993932.172996
  },
  "fks_email": {
    "quota": 3050.0,
    "used": 0.0,
    "timestamp": 1772993955.1660755
  },
  "dxh_email": {
    "quota": 3050.0,
    "used": 0.0,
    "timestamp": 1772993977.4056704
  },
  "zhb_email": {
    "quota": 3050.0,
    "used": 0.0,
    "timestamp": 1772994000.4368944
  },
  "linuxdo_84404_cookies": {
    "quota": 568.53,
    "used": 3006.47,
    "timestamp": 1772993873.9987204
  },
  "linux_chuang_cookies": {
    "quota": 0.14,
    "used": 3374.28,
    "timestamp": 1772993883.3770788
  },
  "linux_bwj_cookies": {
    "quota": 973.0,
    "used": 2227.0,
    "timestamp": 1772993893.4914637
  },
  "linux_devbai_cookies": {
    "quota": 1435.41,
    "used": 1914.59,
    "timestamp": 1772993901.1846447
  },
  "linux_Yeahnet_cookies": {
    "quota": 1479.26,
    "used": 1870.74,
    "timestamp": 1772993908.9994624
  }
}