{
  "dctx_email": {
    "quota": 769.82,
    "used": 3555.47,
    "timestamp": 1773426343.186389
  },
  "ljq_email": {
    "quota": 275.15,
    "used": 3949.93,
    "timestamp": 1773426365.1263638
  },
  "zc_email": {
    "quota": 1861.73,
    "used": 2363.27,
    "timestamp": 1773426386.8293154
  },
  "zj_email": {
    "quota": 2290.77,
    "used": 884.23,
    "timestamp": 1773426454.5310957
  },
  "fks_email": {
    "quota": 3175.0,
    "used": 0.0,
    "timestamp": 1773426478.6795454
  },
  "dxh_email": {
    "quota": 3175.0,
    "used": 0.0,
    "timestamp": 1773426499.3842626
  },
  "zhb_email": {
    "quota": 3175.0,
    "used": 0.0,
    "timestamp": 1773426520.5284634
  },
  "linuxdo_84404_cookies": {
    "quota": 693.53,
    "used": 3006.47,
    "timestamp": 1773426396.1767714
  },
  "linux_chuang_cookies": {
    "quota": 100.85,
    "used": 3398.57,
    "timestamp": 1773426404.483669
  },
  "linux_bwj_cookies": {
    "quota": 1072.61,
    "used": 2252.39,
    "timestamp": 1773426413.8105311
  },
  "linux_devbai_cookies": {
    "quota": 1560.41,
    "used": 1914.59,
    "timestamp": 1773426423.45672
  },
  "linux_Yeahnet_cookies": {
    "quota": 1525.2,
    "used": 1949.8,
    "timestamp": 1773426431.8918812
  }
}