{
  "dctx_email": {
    "quota": 719.84,
    "used": 3555.45,
    "timestamp": 1773211006.5702815
  },
  "ljq_email": {
    "quota": 225.15,
    "used": 3949.93,
    "timestamp": 1773211026.9121852
  },
  "zc_email": {
    "quota": 1817.23,
    "used": 2357.77,
    "timestamp": 1773211047.3505998
  },
  "zj_email": {
    "quota": 3020.85,
    "used": 104.15,
    "timestamp": 1773211111.0409715
  },
  "fks_email": {
    "quota": 3125.0,
    "used": 0.0,
    "timestamp": 1773211133.2386081
  },
  "dxh_email": {
    "quota": 3125.0,
    "used": 0.0,
    "timestamp": 1773211154.0854447
  },
  "zhb_email": {
    "quota": 3125.0,
    "used": 0.0,
    "timestamp": 1773211177.1072295
  },
  "linuxdo_84404_cookies": {
    "quota": 643.53,
    "used": 3006.47,
    "timestamp": 1773211056.407125
  },
  "linux_chuang_cookies": {
    "quota": 75.07,
    "used": 3374.34,
    "timestamp": 1773211065.6379552
  },
  "linux_bwj_cookies": {
    "quota": 1024.98,
    "used": 2250.02,
    "timestamp": 1773211073.5261493
  },
  "linux_devbai_cookies": {
    "quota": 1510.41,
    "used": 1914.59,
    "timestamp": 1773211081.0210412
  },
  "linux_Yeahnet_cookies": {
    "quota": 1511.09,
    "used": 1913.91,
    "timestamp": 1773211088.3972242
  }
}