{
  "dctx_email": {
    "quota": 719.82,
    "used": 3555.47,
    "timestamp": 1773254263.24464
  },
  "ljq_email": {
    "quota": 225.15,
    "used": 3949.93,
    "timestamp": 1773254285.477779
  },
  "zc_email": {
    "quota": 1817.22,
    "used": 2357.78,
    "timestamp": 1773254307.850947
  },
  "zj_email": {
    "quota": 3020.85,
    "used": 104.15,
    "timestamp": 1773254375.242935
  },
  "fks_email": {
    "quota": 3125.0,
    "used": 0.0,
    "timestamp": 1773254398.1704879
  },
  "dxh_email": {
    "quota": 3125.0,
    "used": 0.0,
    "timestamp": 1773254419.875242
  },
  "zhb_email": {
    "quota": 3125.0,
    "used": 0.0,
    "timestamp": 1773254443.924666
  },
  "linuxdo_84404_cookies": {
    "quota": 643.53,
    "used": 3006.47,
    "timestamp": 1773254317.4903455
  },
  "linux_chuang_cookies": {
    "quota": 75.07,
    "used": 3374.34,
    "timestamp": 1773254325.5653272
  },
  "linux_bwj_cookies": {
    "quota": 1022.61,
    "used": 2252.39,
    "timestamp": 1773254334.8833911
  },
  "linux_devbai_cookies": {
    "quota": 1510.41,
    "used": 1914.59,
    "timestamp": 1773254344.557345
  },
  "linux_Yeahnet_cookies": {
    "quota": 1505.99,
    "used": 1919.01,
    "timestamp": 1773254352.9294403
  }
}