{
  "dctx_email": {
    "quota": 794.82,
    "used": 3555.47,
    "timestamp": 1773469888.5170457
  },
  "ljq_email": {
    "quota": 300.15,
    "used": 3949.93,
    "timestamp": 1773469909.5523062
  },
  "zc_email": {
    "quota": 1886.73,
    "used": 2363.27,
    "timestamp": 1773469930.278071
  },
  "zj_email": {
    "quota": 2019.53,
    "used": 1180.47,
    "timestamp": 1773469996.133181
  },
  "fks_email": {
    "quota": 3028.17,
    "used": 171.83,
    "timestamp": 1773470020.0505624
  },
  "dxh_email": {
    "quota": 3200.0,
    "used": 0.0,
    "timestamp": 1773470042.0673292
  },
  "zhb_email": {
    "quota": 3200.0,
    "used": 0.0,
    "timestamp": 1773470066.0493648
  },
  "linuxdo_84404_cookies": {
    "quota": 718.53,
    "used": 3006.47,
    "timestamp": 1773469939.2867754
  },
  "linux_chuang_cookies": {
    "quota": 125.41,
    "used": 3399.0,
    "timestamp": 1773469947.2689672
  },
  "linux_bwj_cookies": {
    "quota": 1097.61,
    "used": 2252.39,
    "timestamp": 1773469955.571493
  },
  "linux_devbai_cookies": {
    "quota": 1585.39,
    "used": 1914.61,
    "timestamp": 1773469964.4938216
  },
  "linux_Yeahnet_cookies": {
    "quota": 1547.37,
    "used": 1952.63,
    "timestamp": 1773469972.0462966
  },
  "tiantian_email": {
    "quota": 849.49,
    "used": 0.51,
    "timestamp": 1775999041.0201008
  }
}