{
  "dctx_email": {
    "quota": 669.84,
    "used": 3555.45,
    "timestamp": 1773081304.8284998
  },
  "ljq_email": {
    "quota": 175.15,
    "used": 3949.93,
    "timestamp": 1773081326.520997
  },
  "zc_email": {
    "quota": 1846.16,
    "used": 2278.84,
    "timestamp": 1773081347.2997985
  },
  "zj_email": {
    "quota": 3075.0,
    "used": 0.0,
    "timestamp": 1773081412.7872794
  },
  "fks_email": {
    "quota": 3075.0,
    "used": 0.0,
    "timestamp": 1773081436.7625225
  },
  "dxh_email": {
    "quota": 3075.0,
    "used": 0.0,
    "timestamp": 1773081459.837899
  },
  "zhb_email": {
    "quota": 3075.0,
    "used": 0.0,
    "timestamp": 1773081481.5957918
  },
  "linuxdo_84404_cookies": {
    "quota": 593.53,
    "used": 3006.47,
    "timestamp": 1773081356.0377347
  },
  "linux_chuang_cookies": {
    "quota": 25.07,
    "used": 3374.34,
    "timestamp": 1773081365.4107254
  },
  "linux_bwj_cookies": {
    "quota": 977.7,
    "used": 2247.3,
    "timestamp": 1773081374.4759493
  },
  "linux_devbai_cookies": {
    "quota": 1460.41,
    "used": 1914.59,
    "timestamp": 1773081382.7973158
  },
  "linux_Yeahnet_cookies": {
    "quota": 1473.75,
    "used": 1901.25,
    "timestamp": 1773081391.060635
  }
}