{
  "dctx_email": {
    "quota": 794.82,
    "used": 3555.47,
    "timestamp": 1773449901.538023
  },
  "ljq_email": {
    "quota": 300.15,
    "used": 3949.93,
    "timestamp": 1773449923.8030334
  },
  "zc_email": {
    "quota": 1886.73,
    "used": 2363.27,
    "timestamp": 1773449944.253678
  },
  "zj_email": {
    "quota": 2312.38,
    "used": 887.62,
    "timestamp": 1773450006.7380743
  },
  "fks_email": {
    "quota": 3200.0,
    "used": 0.0,
    "timestamp": 1773450029.7068188
  },
  "dxh_email": {
    "quota": 3200.0,
    "used": 0.0,
    "timestamp": 1773450052.3070223
  },
  "zhb_email": {
    "quota": 3200.0,
    "used": 0.0,
    "timestamp": 1773450074.1189594
  },
  "linuxdo_84404_cookies": {
    "quota": 718.53,
    "used": 3006.47,
    "timestamp": 1773449952.4940455
  },
  "linux_chuang_cookies": {
    "quota": 125.85,
    "used": 3398.57,
    "timestamp": 1773449961.4096973
  },
  "linux_bwj_cookies": {
    "quota": 1097.61,
    "used": 2252.39,
    "timestamp": 1773449969.9713604
  },
  "linux_devbai_cookies": {
    "quota": 1585.41,
    "used": 1914.59,
    "timestamp": 1773449977.737938
  },
  "linux_Yeahnet_cookies": {
    "quota": 1550.2,
    "used": 1949.8,
    "timestamp": 1773449985.2470775
  }
}