{
  "dctx_email": {
    "quota": 769.82,
    "used": 3555.47,
    "timestamp": 1773363537.0911758
  },
  "ljq_email": {
    "quota": 275.15,
    "used": 3949.93,
    "timestamp": 1773363558.5819538
  },
  "zc_email": {
    "quota": 1865.68,
    "used": 2359.32,
    "timestamp": 1773363579.907451
  },
  "zj_email": {
    "quota": 2813.6,
    "used": 361.4,
    "timestamp": 1773363642.5680227
  },
  "fks_email": {
    "quota": 3175.0,
    "used": 0.0,
    "timestamp": 1773363666.5308316
  },
  "dxh_email": {
    "quota": 3175.0,
    "used": 0.0,
    "timestamp": 1773363689.9004517
  },
  "zhb_email": {
    "quota": 3175.0,
    "used": 0.0,
    "timestamp": 1773363712.8166673
  },
  "linuxdo_84404_cookies": {
    "quota": 693.53,
    "used": 3006.47,
    "timestamp": 1773363588.5917966
  },
  "linux_chuang_cookies": {
    "quota": 122.23,
    "used": 3377.19,
    "timestamp": 1773363596.5657244
  },
  "linux_bwj_cookies": {
    "quota": 1072.61,
    "used": 2252.39,
    "timestamp": 1773363604.2937286
  },
  "linux_devbai_cookies": {
    "quota": 1560.41,
    "used": 1914.59,
    "timestamp": 1773363613.2558753
  },
  "linux_Yeahnet_cookies": {
    "quota": 1541.89,
    "used": 1933.11,
    "timestamp": 1773363621.0344212
  }
}