{
  "dctx_email": {
    "quota": 744.82,
    "used": 3555.47,
    "timestamp": 1773318610.8154702
  },
  "ljq_email": {
    "quota": 250.15,
    "used": 3949.93,
    "timestamp": 1773318634.3286898
  },
  "zc_email": {
    "quota": 1840.68,
    "used": 2359.32,
    "timestamp": 1773318657.874156
  },
  "zj_email": {
    "quota": 2788.6,
    "used": 361.4,
    "timestamp": 1773318724.8843548
  },
  "fks_email": {
    "quota": 3150.0,
    "used": 0.0,
    "timestamp": 1773318748.6578884
  },
  "dxh_email": {
    "quota": 3150.0,
    "used": 0.0,
    "timestamp": 1773318772.7958815
  },
  "zhb_email": {
    "quota": 3150.0,
    "used": 0.0,
    "timestamp": 1773318797.6046457
  },
  "linuxdo_84404_cookies": {
    "quota": 668.53,
    "used": 3006.47,
    "timestamp": 1773318665.9777203
  },
  "linux_chuang_cookies": {
    "quota": 100.03,
    "used": 3374.39,
    "timestamp": 1773318674.9938722
  },
  "linux_bwj_cookies": {
    "quota": 1047.61,
    "used": 2252.39,
    "timestamp": 1773318683.7807584
  },
  "linux_devbai_cookies": {
    "quota": 1535.41,
    "used": 1914.59,
    "timestamp": 1773318692.8945923
  },
  "linux_Yeahnet_cookies": {
    "quota": 1519.08,
    "used": 1930.92,
    "timestamp": 1773318702.114237
  }
}