{
  "dctx_email": {
    "quota": 769.82,
    "used": 3555.47,
    "timestamp": 1773404969.2677522
  },
  "ljq_email": {
    "quota": 275.15,
    "used": 3949.93,
    "timestamp": 1773404990.1709516
  },
  "zc_email": {
    "quota": 1865.68,
    "used": 2359.32,
    "timestamp": 1773405011.5253222
  },
  "zj_email": {
    "quota": 2371.44,
    "used": 803.56,
    "timestamp": 1773405077.9699965
  },
  "fks_email": {
    "quota": 3175.0,
    "used": 0.0,
    "timestamp": 1773405101.0903883
  },
  "dxh_email": {
    "quota": 3175.0,
    "used": 0.0,
    "timestamp": 1773405123.3607283
  },
  "zhb_email": {
    "quota": 3175.0,
    "used": 0.0,
    "timestamp": 1773405145.0549104
  },
  "linuxdo_84404_cookies": {
    "quota": 693.53,
    "used": 3006.47,
    "timestamp": 1773405020.2839532
  },
  "linux_chuang_cookies": {
    "quota": 100.85,
    "used": 3398.57,
    "timestamp": 1773405027.553079
  },
  "linux_bwj_cookies": {
    "quota": 1072.61,
    "used": 2252.39,
    "timestamp": 1773405036.2574499
  },
  "linux_devbai_cookies": {
    "quota": 1560.41,
    "used": 1914.59,
    "timestamp": 1773405045.2785358
  },
  "linux_Yeahnet_cookies": {
    "quota": 1527.27,
    "used": 1947.73,
    "timestamp": 1773405054.3854992
  }
}