{
  "dctx_email": {
    "quota": 769.82,
    "used": 3555.47,
    "timestamp": 1773383797.391757
  },
  "ljq_email": {
    "quota": 275.15,
    "used": 3949.93,
    "timestamp": 1773383819.381107
  },
  "zc_email": {
    "quota": 1865.68,
    "used": 2359.32,
    "timestamp": 1773383840.9589336
  },
  "zj_email": {
    "quota": 2597.64,
    "used": 577.36,
    "timestamp": 1773383907.8397996
  },
  "fks_email": {
    "quota": 3175.0,
    "used": 0.0,
    "timestamp": 1773383931.27425
  },
  "dxh_email": {
    "quota": 3175.0,
    "used": 0.0,
    "timestamp": 1773383954.5329976
  },
  "zhb_email": {
    "quota": 3175.0,
    "used": 0.0,
    "timestamp": 1773383978.2967317
  },
  "linuxdo_84404_cookies": {
    "quota": 693.53,
    "used": 3006.47,
    "timestamp": 1773383850.6575341
  },
  "linux_chuang_cookies": {
    "quota": 100.85,
    "used": 3398.57,
    "timestamp": 1773383859.6222992
  },
  "linux_bwj_cookies": {
    "quota": 1072.61,
    "used": 2252.39,
    "timestamp": 1773383869.292137
  },
  "linux_devbai_cookies": {
    "quota": 1560.41,
    "used": 1914.59,
    "timestamp": 1773383878.171449
  },
  "linux_Yeahnet_cookies": {
    "quota": 1541.89,
    "used": 1933.11,
    "timestamp": 1773383886.1328025
  }
}